-- phpMyAdmin SQL Dump
-- version 5.1.0
-- https://www.phpmyadmin.net/
--
-- Хост: 127.0.0.1
-- Час створення: Лип 08 2021 р., 22:06
-- Версія сервера: 10.4.18-MariaDB
-- Версія PHP: 8.0.3

SET SQL_MODE = "NO_AUTO_VALUE_ON_ZERO";
START TRANSACTION;
SET time_zone = "+00:00";


/*!40101 SET @OLD_CHARACTER_SET_CLIENT=@@CHARACTER_SET_CLIENT */;
/*!40101 SET @OLD_CHARACTER_SET_RESULTS=@@CHARACTER_SET_RESULTS */;
/*!40101 SET @OLD_COLLATION_CONNECTION=@@COLLATION_CONNECTION */;
/*!40101 SET NAMES utf8mb4 */;

--
-- База даних: `pink-rio`
--

-- --------------------------------------------------------

--
-- Структура таблиці `articles`
--

CREATE TABLE `articles` (
  `id` bigint(20) UNSIGNED NOT NULL,
  `title` varchar(255) COLLATE utf8mb4_unicode_ci NOT NULL,
  `text` text COLLATE utf8mb4_unicode_ci NOT NULL,
  `description` text COLLATE utf8mb4_unicode_ci NOT NULL,
  `alias` varchar(150) COLLATE utf8mb4_unicode_ci NOT NULL,
  `img` varchar(255) COLLATE utf8mb4_unicode_ci NOT NULL,
  `created_at` timestamp NULL DEFAULT NULL,
  `updated_at` timestamp NULL DEFAULT NULL,
  `user_id` bigint(20) UNSIGNED NOT NULL DEFAULT 1,
  `category_id` bigint(20) UNSIGNED NOT NULL DEFAULT 1,
  `keywords` varchar(255) COLLATE utf8mb4_unicode_ci NOT NULL,
  `meta_desc` varchar(255) COLLATE utf8mb4_unicode_ci NOT NULL
) ENGINE=InnoDB DEFAULT CHARSET=utf8mb4 COLLATE=utf8mb4_unicode_ci;

--
-- Дамп даних таблиці `articles`
--

INSERT INTO `articles` (`id`, `title`, `text`, `description`, `alias`, `img`, `created_at`, `updated_at`, `user_id`, `category_id`, `keywords`, `meta_desc`) VALUES
(1, 'Section shortcodes & sticky posts!5', '<p>Fusce nec accumsan eros. Aenean ac orci a magna vestibulum posuere quis nec nisi. Maecenas rutrum vehicula condimentum. Donec volutpat nisl ac mauris consectetur gravida. Lorem ipsum dolor sit amet, consectetur adipiscing elit. Donec vel vulputate nibh. Pellentesque habitant morbi tristique senectus et netus et malesuada fames ac turpis egestas. In facilisis ornare arcu, sodales facilisis neque blandit ac. Ut blandit ipsum quis arcu adipiscing sit amet semper sem feugiat. Nam sed dapibus arcu. Nullam eleifend molestie lectus. Nullam nec risus purus. Fusce rutrum lectus id nibh ullamcorper aliquet. Pellentesque pretium mauris et augue fringilla non bibendum turpis iaculis. Donec sit amet nunc lorem. Sed fringilla vehicula est at pellentesque. Aenean imperdiet elementum arcu id facilisis. Mauris sed leo eros. Duis nulla purus, malesuada in gravida sed, viverra at elit. Praesent nec purus sem, non imperdiet quam. Praesent tincidunt tortor eu libero scelerisque quis consequat justo elementum. Maecenas aliquet facilisis ipsum, commodo eleifend odio ultrices et. Maecenas arcu arcu, luctus a laoreet et, fermentum vel lectus. Cras consectetur ipsum venenatis ligula aliquam hendrerit. Suspendisse rhoncus hendrerit fermentum. Ut eget rhoncus purus. Cras a tellus eu justo lobortis tristique et nec mauris. Etiam tincidunt tellus ut odio elementum adipiscing. Maecenas cursus dolor sit amet leo elementum ut semper velit lobortis. Pellentesque posue</p>', '<p>Fusce nec accumsan eros. Aenean ac orci a magna vestibulum posuere quis nec nisi. Maecenas rutrum vehicula condimentum. Donec volutpat nisl ac mauris consectetur gravida. Lorem ipsum dolor sit amet, consectetur adipiscing elit. Donec vel vulputate nibh. Pellentesque habitant morbi tristique senectus et netus et malesuada fames ac turpis egestas. In facilisis ornare arcu, sodales facilisis neque blandit ac. Ut blandit ipsum quis arcu adipiscing sit amet semper sem feugiat. Nam sed dapibus arcu. Nullam eleifend molestie lectus. Nullam nec risus purus.</p>', 'pryvit', '{\"mini\":\"003-55x55.jpg\",\"max\":\"003-816x282.jpg\",\"path\":\"0081-700x345.jpg\"}', '2021-04-07 11:41:08', '2021-07-08 16:39:14', 1, 2, 'short desc', 'short desc'),
(2, 'Nice & Clean. The best for your blog!', '<p>Fusce nec accumsan eros. Aenean ac orci a magna vestibulum posuere quis nec nisi. Maecenas rutrum vehicula condimentum. Donec volutpat nisl ac mauris consectetur gravida.\r\n\r\nLorem ipsum dolor sit amet, consectetur adipiscing elit. Donec vel vulputate nibh. Pellentesque habitant morbi tristique senectus et netus et malesuada fames ac turpis egestas.\r\n\r\nIn facilisis ornare arcu, sodales facilisis neque blandit ac. Ut blandit ipsum quis arcu adipiscing sit amet semper sem feugiat. Nam sed dapibus arcu. Nullam eleifend molestie lectus. Nullam nec risus purus.\r\n\r\n\r\nFusce rutrum lectus id nibh ullamcorper aliquet. Pellentesque pretium mauris et augue fringilla non bibendum turpis iaculis. Donec sit amet nunc lorem. Sed fringilla vehicula est at pellentesque. Aenean imperdiet elementum arcu id facilisis. Mauris sed leo eros.\r\n\r\nDuis nulla purus, malesuada in gravida sed, viverra at elit. Praesent nec purus sem, non imperdiet quam. Praesent tincidunt tortor eu libero scelerisque quis consequat justo elementum. Maecenas aliquet facilisis ipsum, commodo eleifend odio ultrices et. Maecenas arcu arcu, luctus a laoreet et, fermentum vel lectus. Cras consectetur ipsum venenatis ligula aliquam hendrerit. Suspendisse rhoncus hendrerit fermentum. Ut eget rhoncus purus.\r\n\r\nCras a tellus eu justo lobortis tristique et nec mauris. Etiam tincidunt tellus ut odio elementum adipiscing. Maecenas cursus dolor sit amet leo elementum ut semper velit lobortis. Pellentesque posue</p>', '<p>Fusce nec accumsan eros. Aenean ac orci a magna vestibulum posuere quis nec nisi. Maecenas rutrum vehicula condimentum. Donec volutpat nisl ac mauris consectetur gravida.\r\n\r\nLorem ipsum dolor sit amet, consectetur adipiscing elit. Donec vel vulputate nibh. Pellentesque habitant morbi tristique senectus et netus et malesuada fames ac turpis egestas.\r\n\r\nIn facilisis ornare arcu, sodales facilisis neque blandit ac. Ut blandit ipsum quis arcu adipiscing sit amet semper sem feugiat. Nam sed dapibus arcu. Nullam eleifend molestie lectus. Nullam nec risus purus.</p>', 'article-2', '{\"mini\":\"003-55x55.jpg\",\"max\":\"003-816x282.jpg\",\"path\":\"0081-700x345.jpg\"}', '2021-04-07 05:47:24', NULL, 1, 1, '', ''),
(4, 'Section shortcodes & sticky posts!', '<p>Fusce nec accumsan eros. Aenean ac orci a magna vestibulum posuere quis nec nisi. Maecenas rutrum vehicula condimentum. Donec volutpat nisl ac mauris consectetur gravida.\r\n\r\nLorem ipsum dolor sit amet, consectetur adipiscing elit. Donec vel vulputate nibh. Pellentesque habitant morbi tristique senectus et netus et malesuada fames ac turpis egestas.\r\n\r\nIn facilisis ornare arcu, sodales facilisis neque blandit ac. Ut blandit ipsum quis arcu adipiscing sit amet semper sem feugiat. Nam sed dapibus arcu. Nullam eleifend molestie lectus. Nullam nec risus purus.\r\n\r\n\r\nFusce rutrum lectus id nibh ullamcorper aliquet. Pellentesque pretium mauris et augue fringilla non bibendum turpis iaculis. Donec sit amet nunc lorem. Sed fringilla vehicula est at pellentesque. Aenean imperdiet elementum arcu id facilisis. Mauris sed leo eros.\r\n\r\nDuis nulla purus, malesuada in gravida sed, viverra at elit. Praesent nec purus sem, non imperdiet quam. Praesent tincidunt tortor eu libero scelerisque quis consequat justo elementum. Maecenas aliquet facilisis ipsum, commodo eleifend odio ultrices et. Maecenas arcu arcu, luctus a laoreet et, fermentum vel lectus. Cras consectetur ipsum venenatis ligula aliquam hendrerit. Suspendisse rhoncus hendrerit fermentum. Ut eget rhoncus purus.\r\n\r\nCras a tellus eu justo lobortis tristique et nec mauris. Etiam tincidunt tellus ut odio elementum adipiscing. Maecenas cursus dolor sit amet leo elementum ut semper velit lobortis. Pellentesque posue</p>', '<p>Fusce nec accumsan eros. Aenean ac orci a magna vestibulum posuere quis nec nisi. Maecenas rutrum vehicula condimentum. Donec volutpat nisl ac mauris consectetur gravida.\r\n\r\nLorem ipsum dolor sit amet, consectetur adipiscing elit. Donec vel vulputate nibh. Pellentesque habitant morbi tristique senectus et netus et malesuada fames ac turpis egestas.\r\n\r\nIn facilisis ornare arcu, sodales facilisis neque blandit ac. Ut blandit ipsum quis arcu adipiscing sit amet semper sem feugiat. Nam sed dapibus arcu. Nullam eleifend molestie lectus. Nullam nec risus purus.</p>', 'article-3', '{\"mini\":\"003-55x55.jpg\",\"max\":\"003-816x282.jpg\",\"path\":\"0081-700x345.jpg\"}', '2021-04-07 12:47:24', NULL, 1, 3, '', ''),
(5, 'Section shortcodes & sticky posts!', '<p>Fusce nec accumsan eros. Aenean ac orci a magna vestibulum posuere quis nec nisi. Maecenas rutrum vehicula condimentum. Donec volutpat nisl ac mauris consectetur gravida.\r\n\r\nLorem ipsum dolor sit amet, consectetur adipiscing elit. Donec vel vulputate nibh. Pellentesque habitant morbi tristique senectus et netus et malesuada fames ac turpis egestas.\r\n\r\nIn facilisis ornare arcu, sodales facilisis neque blandit ac. Ut blandit ipsum quis arcu adipiscing sit amet semper sem feugiat. Nam sed dapibus arcu. Nullam eleifend molestie lectus. Nullam nec risus purus.\r\n\r\n\r\nFusce rutrum lectus id nibh ullamcorper aliquet. Pellentesque pretium mauris et augue fringilla non bibendum turpis iaculis. Donec sit amet nunc lorem. Sed fringilla vehicula est at pellentesque. Aenean imperdiet elementum arcu id facilisis. Mauris sed leo eros.\r\n\r\nDuis nulla purus, malesuada in gravida sed, viverra at elit. Praesent nec purus sem, non imperdiet quam. Praesent tincidunt tortor eu libero scelerisque quis consequat justo elementum. Maecenas aliquet facilisis ipsum, commodo eleifend odio ultrices et. Maecenas arcu arcu, luctus a laoreet et, fermentum vel lectus. Cras consectetur ipsum venenatis ligula aliquam hendrerit. Suspendisse rhoncus hendrerit fermentum. Ut eget rhoncus purus.\r\n\r\nCras a tellus eu justo lobortis tristique et nec mauris. Etiam tincidunt tellus ut odio elementum adipiscing. Maecenas cursus dolor sit amet leo elementum ut semper velit lobortis. Pellentesque posue</p>', '<p>Fusce nec accumsan eros. Aenean ac orci a magna vestibulum posuere quis nec nisi. Maecenas rutrum vehicula condimentum. Donec volutpat nisl ac mauris consectetur gravida.\r\n\r\nLorem ipsum dolor sit amet, consectetur adipiscing elit. Donec vel vulputate nibh. Pellentesque habitant morbi tristique senectus et netus et malesuada fames ac turpis egestas.\r\n\r\nIn facilisis ornare arcu, sodales facilisis neque blandit ac. Ut blandit ipsum quis arcu adipiscing sit amet semper sem feugiat. Nam sed dapibus arcu. Nullam eleifend molestie lectus. Nullam nec risus purus.</p>', 'article-7', '{\"mini\":\"003-55x55.jpg\",\"max\":\"003-816x282.jpg\",\"path\":\"0081-700x345.jpg\"}', '2021-04-07 08:41:08', NULL, 1, 1, '', ''),
(6, 'Nice & Clean. The best for your blog!', '<p>Fusce nec accumsan eros. Aenean ac orci a magna vestibulum posuere quis nec nisi. Maecenas rutrum vehicula condimentum. Donec volutpat nisl ac mauris consectetur gravida.\r\n\r\nLorem ipsum dolor sit amet, consectetur adipiscing elit. Donec vel vulputate nibh. Pellentesque habitant morbi tristique senectus et netus et malesuada fames ac turpis egestas.\r\n\r\nIn facilisis ornare arcu, sodales facilisis neque blandit ac. Ut blandit ipsum quis arcu adipiscing sit amet semper sem feugiat. Nam sed dapibus arcu. Nullam eleifend molestie lectus. Nullam nec risus purus.\r\n\r\n\r\nFusce rutrum lectus id nibh ullamcorper aliquet. Pellentesque pretium mauris et augue fringilla non bibendum turpis iaculis. Donec sit amet nunc lorem. Sed fringilla vehicula est at pellentesque. Aenean imperdiet elementum arcu id facilisis. Mauris sed leo eros.\r\n\r\nDuis nulla purus, malesuada in gravida sed, viverra at elit. Praesent nec purus sem, non imperdiet quam. Praesent tincidunt tortor eu libero scelerisque quis consequat justo elementum. Maecenas aliquet facilisis ipsum, commodo eleifend odio ultrices et. Maecenas arcu arcu, luctus a laoreet et, fermentum vel lectus. Cras consectetur ipsum venenatis ligula aliquam hendrerit. Suspendisse rhoncus hendrerit fermentum. Ut eget rhoncus purus.\r\n\r\nCras a tellus eu justo lobortis tristique et nec mauris. Etiam tincidunt tellus ut odio elementum adipiscing. Maecenas cursus dolor sit amet leo elementum ut semper velit lobortis. Pellentesque posue</p>', '<p>Fusce nec accumsan eros. Aenean ac orci a magna vestibulum posuere quis nec nisi. Maecenas rutrum vehicula condimentum. Donec volutpat nisl ac mauris consectetur gravida.\r\n\r\nLorem ipsum dolor sit amet, consectetur adipiscing elit. Donec vel vulputate nibh. Pellentesque habitant morbi tristique senectus et netus et malesuada fames ac turpis egestas.\r\n\r\nIn facilisis ornare arcu, sodales facilisis neque blandit ac. Ut blandit ipsum quis arcu adipiscing sit amet semper sem feugiat. Nam sed dapibus arcu. Nullam eleifend molestie lectus. Nullam nec risus purus.</p>', 'article-8', '{\"mini\":\"003-55x55.jpg\",\"max\":\"003-816x282.jpg\",\"path\":\"0081-700x345.jpg\"}', '2021-04-07 02:47:24', NULL, 1, 1, '', ''),
(7, 'Section shortcodes & sticky posts!', '<p>Fusce nec accumsan eros. Aenean ac orci a magna vestibulum posuere quis nec nisi. Maecenas rutrum vehicula condimentum. Donec volutpat nisl ac mauris consectetur gravida.\r\n\r\nLorem ipsum dolor sit amet, consectetur adipiscing elit. Donec vel vulputate nibh. Pellentesque habitant morbi tristique senectus et netus et malesuada fames ac turpis egestas.\r\n\r\nIn facilisis ornare arcu, sodales facilisis neque blandit ac. Ut blandit ipsum quis arcu adipiscing sit amet semper sem feugiat. Nam sed dapibus arcu. Nullam eleifend molestie lectus. Nullam nec risus purus.\r\n\r\n\r\nFusce rutrum lectus id nibh ullamcorper aliquet. Pellentesque pretium mauris et augue fringilla non bibendum turpis iaculis. Donec sit amet nunc lorem. Sed fringilla vehicula est at pellentesque. Aenean imperdiet elementum arcu id facilisis. Mauris sed leo eros.\r\n\r\nDuis nulla purus, malesuada in gravida sed, viverra at elit. Praesent nec purus sem, non imperdiet quam. Praesent tincidunt tortor eu libero scelerisque quis consequat justo elementum. Maecenas aliquet facilisis ipsum, commodo eleifend odio ultrices et. Maecenas arcu arcu, luctus a laoreet et, fermentum vel lectus. Cras consectetur ipsum venenatis ligula aliquam hendrerit. Suspendisse rhoncus hendrerit fermentum. Ut eget rhoncus purus.\r\n\r\nCras a tellus eu justo lobortis tristique et nec mauris. Etiam tincidunt tellus ut odio elementum adipiscing. Maecenas cursus dolor sit amet leo elementum ut semper velit lobortis. Pellentesque posue</p>', '<p>Fusce nec accumsan eros. Aenean ac orci a magna vestibulum posuere quis nec nisi. Maecenas rutrum vehicula condimentum. Donec volutpat nisl ac mauris consectetur gravida.\r\n\r\nLorem ipsum dolor sit amet, consectetur adipiscing elit. Donec vel vulputate nibh. Pellentesque habitant morbi tristique senectus et netus et malesuada fames ac turpis egestas.\r\n\r\nIn facilisis ornare arcu, sodales facilisis neque blandit ac. Ut blandit ipsum quis arcu adipiscing sit amet semper sem feugiat. Nam sed dapibus arcu. Nullam eleifend molestie lectus. Nullam nec risus purus.</p>', 'article-9', '{\"mini\":\"003-55x55.jpg\",\"max\":\"003-816x282.jpg\",\"path\":\"0081-700x345.jpg\"}', '2021-04-07 09:47:24', NULL, 1, 1, '', '');

-- --------------------------------------------------------

--
-- Структура таблиці `categories`
--

CREATE TABLE `categories` (
  `id` bigint(20) UNSIGNED NOT NULL,
  `title` varchar(255) COLLATE utf8mb4_unicode_ci NOT NULL,
  `parent_id` int(11) NOT NULL DEFAULT 0,
  `alias` varchar(255) COLLATE utf8mb4_unicode_ci NOT NULL,
  `created_at` timestamp NULL DEFAULT NULL,
  `updated_at` timestamp NULL DEFAULT NULL
) ENGINE=InnoDB DEFAULT CHARSET=utf8mb4 COLLATE=utf8mb4_unicode_ci;

--
-- Дамп даних таблиці `categories`
--

INSERT INTO `categories` (`id`, `title`, `parent_id`, `alias`, `created_at`, `updated_at`) VALUES
(1, 'Блог', 0, 'blog', NULL, NULL),
(2, 'Компютери', 1, 'computers', NULL, NULL),
(3, 'Цікаве', 1, 'interesting', NULL, NULL),
(4, 'Поради', 1, 'porady', NULL, NULL);

-- --------------------------------------------------------

--
-- Структура таблиці `comments`
--

CREATE TABLE `comments` (
  `id` bigint(20) UNSIGNED NOT NULL,
  `text` text COLLATE utf8mb4_unicode_ci NOT NULL,
  `name` varchar(255) COLLATE utf8mb4_unicode_ci NOT NULL,
  `email` varchar(255) COLLATE utf8mb4_unicode_ci NOT NULL,
  `site` varchar(255) COLLATE utf8mb4_unicode_ci DEFAULT NULL,
  `parent_id` int(11) NOT NULL,
  `created_at` timestamp NULL DEFAULT NULL,
  `updated_at` timestamp NULL DEFAULT NULL,
  `article_id` bigint(20) UNSIGNED NOT NULL,
  `user_id` bigint(20) UNSIGNED DEFAULT NULL
) ENGINE=InnoDB DEFAULT CHARSET=utf8mb4 COLLATE=utf8mb4_unicode_ci;

--
-- Дамп даних таблиці `comments`
--

INSERT INTO `comments` (`id`, `text`, `name`, `email`, `site`, `parent_id`, `created_at`, `updated_at`, `article_id`, `user_id`) VALUES
(79, 'hiu', 'sdfdsf', 'petryshyn.w@gmail.com', 'h', 0, '2021-05-06 16:35:49', '2021-05-06 16:35:49', 1, NULL),
(80, 'o\'o', 'p\'', 'op\'', 'o\'ppo', 0, '2021-05-06 16:36:47', '2021-05-06 16:36:47', 1, NULL);

-- --------------------------------------------------------

--
-- Структура таблиці `failed_jobs`
--

CREATE TABLE `failed_jobs` (
  `id` bigint(20) UNSIGNED NOT NULL,
  `uuid` varchar(255) COLLATE utf8mb4_unicode_ci NOT NULL,
  `connection` text COLLATE utf8mb4_unicode_ci NOT NULL,
  `queue` text COLLATE utf8mb4_unicode_ci NOT NULL,
  `payload` longtext COLLATE utf8mb4_unicode_ci NOT NULL,
  `exception` longtext COLLATE utf8mb4_unicode_ci NOT NULL,
  `failed_at` timestamp NOT NULL DEFAULT current_timestamp()
) ENGINE=InnoDB DEFAULT CHARSET=utf8mb4 COLLATE=utf8mb4_unicode_ci;

-- --------------------------------------------------------

--
-- Структура таблиці `filters`
--

CREATE TABLE `filters` (
  `id` bigint(20) UNSIGNED NOT NULL,
  `title` varchar(255) COLLATE utf8mb4_unicode_ci NOT NULL,
  `alias` varchar(255) COLLATE utf8mb4_unicode_ci NOT NULL,
  `created_at` timestamp NULL DEFAULT NULL,
  `updated_at` timestamp NULL DEFAULT NULL
) ENGINE=InnoDB DEFAULT CHARSET=utf8mb4 COLLATE=utf8mb4_unicode_ci;

--
-- Дамп даних таблиці `filters`
--

INSERT INTO `filters` (`id`, `title`, `alias`, `created_at`, `updated_at`) VALUES
(1, 'Brand Identity', 'brand-identity', NULL, NULL);

-- --------------------------------------------------------

--
-- Структура таблиці `menus`
--

CREATE TABLE `menus` (
  `id` bigint(20) UNSIGNED NOT NULL,
  `title` varchar(255) COLLATE utf8mb4_unicode_ci NOT NULL,
  `path` varchar(255) COLLATE utf8mb4_unicode_ci NOT NULL,
  `parent` int(11) NOT NULL,
  `created_at` timestamp NULL DEFAULT NULL,
  `updated_at` timestamp NULL DEFAULT NULL
) ENGINE=InnoDB DEFAULT CHARSET=utf8mb4 COLLATE=utf8mb4_unicode_ci;

--
-- Дамп даних таблиці `menus`
--

INSERT INTO `menus` (`id`, `title`, `path`, `parent`, `created_at`, `updated_at`) VALUES
(1, 'Головна', 'http://pink-rio.corp', 0, '2021-04-14 13:46:19', NULL),
(2, 'Блог', 'http://pink-rio.corp/articles', 0, '2021-04-16 13:46:19', NULL),
(3, 'Компютери', 'http://pink-rio.corp/articles/cat/computers', 2, '2021-04-22 13:48:02', NULL),
(4, 'Цікаве', 'http://pink-rio.corp/articles/cat/interesting', 2, '2021-04-28 13:48:02', NULL),
(5, 'Поради', 'http://pink-rio.corp/articles/cat/porady', 2, '2021-04-02 13:49:17', NULL),
(6, 'Портфоліо', 'http://pink-rio.corp/portfolios', 0, '2021-04-25 13:49:17', NULL),
(7, 'Контакти', 'http://pink-rio.corp/contacts', 0, '2021-04-24 13:50:54', NULL);

-- --------------------------------------------------------

--
-- Структура таблиці `migrations`
--

CREATE TABLE `migrations` (
  `id` int(10) UNSIGNED NOT NULL,
  `migration` varchar(255) COLLATE utf8mb4_unicode_ci NOT NULL,
  `batch` int(11) NOT NULL
) ENGINE=InnoDB DEFAULT CHARSET=utf8mb4 COLLATE=utf8mb4_unicode_ci;

--
-- Дамп даних таблиці `migrations`
--

INSERT INTO `migrations` (`id`, `migration`, `batch`) VALUES
(1, '2014_10_12_000000_create_users_table', 1),
(2, '2014_10_12_100000_create_password_resets_table', 1),
(3, '2019_08_19_000000_create_failed_jobs_table', 1),
(4, '2021_04_06_182403_create_articles_table', 1),
(5, '2021_04_06_182948_create_portfolios_table', 1),
(6, '2021_04_06_183306_create_filters_table', 1),
(7, '2021_04_06_183442_create_comments_table', 1),
(8, '2021_04_06_184113_create_sliders_table', 1),
(9, '2021_04_06_184336_create_menus_table', 1),
(10, '2021_04_06_184520_createcategories_table', 1),
(11, '2021_04_06_185516_change_comments_table', 1),
(12, '2021_04_06_190242_change_articles_table', 1),
(13, '2021_04_06_191756_cahnge_portfolios_table', 1),
(14, '2021_05_04_204649_change__articles__table2', 2),
(15, '2021_05_10_184950_change_portfolios_table2', 3),
(24, '2021_05_18_193819_create_roles_table', 4),
(25, '2021_05_18_193940_create_permission_table', 4),
(26, '2021_05_18_194033_create_permission_role_table', 4),
(27, '2021_05_18_194115_create_role_user_table', 4),
(28, '2021_05_18_194518_change_role_user', 5),
(29, '2021_05_18_194556_change_permission_role', 6);

-- --------------------------------------------------------

--
-- Структура таблиці `password_resets`
--

CREATE TABLE `password_resets` (
  `email` varchar(255) COLLATE utf8mb4_unicode_ci NOT NULL,
  `token` varchar(255) COLLATE utf8mb4_unicode_ci NOT NULL,
  `created_at` timestamp NULL DEFAULT NULL
) ENGINE=InnoDB DEFAULT CHARSET=utf8mb4 COLLATE=utf8mb4_unicode_ci;

-- --------------------------------------------------------

--
-- Структура таблиці `permission`
--

CREATE TABLE `permission` (
  `id` bigint(20) UNSIGNED NOT NULL,
  `name` varchar(255) COLLATE utf8mb4_unicode_ci NOT NULL,
  `created_at` timestamp NULL DEFAULT NULL,
  `updated_at` timestamp NULL DEFAULT NULL
) ENGINE=InnoDB DEFAULT CHARSET=utf8mb4 COLLATE=utf8mb4_unicode_ci;

--
-- Дамп даних таблиці `permission`
--

INSERT INTO `permission` (`id`, `name`, `created_at`, `updated_at`) VALUES
(1, 'VIEW_ADMIN', NULL, NULL),
(2, 'ADD_ARTICLES', NULL, NULL),
(3, 'UPDATE_ARTICLES', NULL, NULL),
(4, 'DELETE_ARTICLES', NULL, NULL),
(5, 'ADMIN_USERS', NULL, NULL),
(6, 'VIEW_ADMIN_ARTICLES', NULL, NULL),
(7, 'EDIT_USERS', NULL, NULL);

-- --------------------------------------------------------

--
-- Структура таблиці `permission_role`
--

CREATE TABLE `permission_role` (
  `id` bigint(20) UNSIGNED NOT NULL,
  `created_at` timestamp NULL DEFAULT NULL,
  `updated_at` timestamp NULL DEFAULT NULL,
  `role_id` bigint(20) UNSIGNED NOT NULL DEFAULT 1,
  `permission_id` bigint(20) UNSIGNED NOT NULL DEFAULT 1
) ENGINE=InnoDB DEFAULT CHARSET=utf8mb4 COLLATE=utf8mb4_unicode_ci;

--
-- Дамп даних таблиці `permission_role`
--

INSERT INTO `permission_role` (`id`, `created_at`, `updated_at`, `role_id`, `permission_id`) VALUES
(1, NULL, NULL, 1, 1),
(2, NULL, NULL, 1, 2),
(3, NULL, NULL, 1, 3),
(4, NULL, NULL, 1, 4),
(5, NULL, NULL, 1, 5),
(6, NULL, NULL, 1, 6),
(7, NULL, NULL, 1, 7);

-- --------------------------------------------------------

--
-- Структура таблиці `portfolios`
--

CREATE TABLE `portfolios` (
  `id` bigint(20) UNSIGNED NOT NULL,
  `title` varchar(255) COLLATE utf8mb4_unicode_ci NOT NULL,
  `text` text COLLATE utf8mb4_unicode_ci NOT NULL,
  `customer` varchar(150) COLLATE utf8mb4_unicode_ci NOT NULL,
  `alias` varchar(150) COLLATE utf8mb4_unicode_ci NOT NULL,
  `img` varchar(255) COLLATE utf8mb4_unicode_ci NOT NULL,
  `created_at` timestamp NULL DEFAULT NULL,
  `updated_at` timestamp NULL DEFAULT NULL,
  `filter_alias` varchar(255) COLLATE utf8mb4_unicode_ci NOT NULL,
  `keywords` varchar(255) COLLATE utf8mb4_unicode_ci NOT NULL,
  `meta_desc` varchar(255) COLLATE utf8mb4_unicode_ci NOT NULL
) ENGINE=InnoDB DEFAULT CHARSET=utf8mb4 COLLATE=utf8mb4_unicode_ci;

--
-- Дамп даних таблиці `portfolios`
--

INSERT INTO `portfolios` (`id`, `title`, `text`, `customer`, `alias`, `img`, `created_at`, `updated_at`, `filter_alias`, `keywords`, `meta_desc`) VALUES
(1, 'Love', '<p>Fusce nec accumsan eros. Aenean ac orci a magna vestibulum posuere quis nec nisi. Maecenas rutrum vehicula condimentum. Donec volutpat nisl ac mauris consectetur gravida.\r\n\r\nLorem ipsum dolor sit amet, consectetur adipiscing elit. Donec vel vulputate nibh. Pellentesque habitant morbi tristique senectus et netus et malesuada fames ac turpis egestas.\r\n\r\nIn facilisis ornare arcu, sodales facilisis neque blandit ac. Ut blandit ipsum quis arcu adipiscing sit amet semper sem feugiat. Nam sed dapibus arcu. Nullam eleifend molestie lectus. Nullam nec risus purus.\r\n\r\n\r\nFusce rutrum lectus id nibh ullamcorper aliquet. Pellentesque pretium mauris et augue fringilla non bibendum turpis iaculis. Donec sit amet nunc lorem. Sed fringilla vehicula est at pellentesque. Aenean imperdiet elementum arcu id facilisis. Mauris sed leo eros.\r\n\r\nDuis nulla purus, malesuada in gravida sed, viverra at elit. Praesent nec purus sem, non imperdiet quam. Praesent tincidunt tortor eu libero scelerisque quis consequat justo elementum. Maecenas aliquet facilisis ipsum, commodo eleifend odio ultrices et. Maecenas arcu arcu, luctus a laoreet et, fermentum vel lectus. Cras consectetur ipsum venenatis ligula aliquam hendrerit. Suspendisse rhoncus hendrerit fermentum. Ut eget rhoncus purus.\r\n\r\nCras a tellus eu justo lobortis tristique et nec mauris. Etiam tincidunt tellus ut odio elementum adipiscing. Maecenas cursus dolor sit amet leo elementum ut semper velit lobortis. Pellentesque posue</p>\r\n', 'customer 1', 'project 1', '{\"mini\":\"009-175x175.jpg\",\"max\":\"009.jpg\",\"path\":\"009-320x154.jpg\"}', '2021-04-07 13:35:03', NULL, 'brand-identity', '', ''),
(2, 'Kineda', '<p>Fusce nec accumsan eros. Aenean ac orci a magna vestibulum posuere quis nec nisi. Maecenas rutrum vehicula condimentum. Donec volutpat nisl ac mauris consectetur gravida.\r\n\r\nLorem ipsum dolor sit amet, consectetur adipiscing elit. Donec vel vulputate nibh. Pellentesque habitant morbi tristique senectus et netus et malesuada fames ac turpis egestas.\r\n\r\nIn facilisis ornare arcu, sodales facilisis neque blandit ac. Ut blandit ipsum quis arcu adipiscing sit amet semper sem feugiat. Nam sed dapibus arcu. Nullam eleifend molestie lectus. Nullam nec risus purus.\r\n\r\n\r\nFusce rutrum lectus id nibh ullamcorper aliquet. Pellentesque pretium mauris et augue fringilla non bibendum turpis iaculis. Donec sit amet nunc lorem. Sed fringilla vehicula est at pellentesque. Aenean imperdiet elementum arcu id facilisis. Mauris sed leo eros.\r\n\r\nDuis nulla purus, malesuada in gravida sed, viverra at elit. Praesent nec purus sem, non imperdiet quam. Praesent tincidunt tortor eu libero scelerisque quis consequat justo elementum. Maecenas aliquet facilisis ipsum, commodo eleifend odio ultrices et. Maecenas arcu arcu, luctus a laoreet et, fermentum vel lectus. Cras consectetur ipsum venenatis ligula aliquam hendrerit. Suspendisse rhoncus hendrerit fermentum. Ut eget rhoncus purus.\r\n\r\nCras a tellus eu justo lobortis tristique et nec mauris. Etiam tincidunt tellus ut odio elementum adipiscing. Maecenas cursus dolor sit amet leo elementum ut semper velit lobortis. Pellentesque posue</p>\r\n', 'misko', 'zalupa', '{\"mini\":\"009-175x175.jpg\",\"max\":\"009.jpg\",\"path\":\"009-320x154.jpg\"}', '2021-04-07 13:19:03', NULL, 'brand-identity', '', ''),
(3, 'Steep This!', '<p>Fusce nec accumsan eros. Aenean ac orci a magna vestibulum posuere quis nec nisi. Maecenas rutrum vehicula condimentum. Donec volutpat nisl ac mauris consectetur gravida.\r\n\r\nLorem ipsum dolor sit amet, consectetur adipiscing elit. Donec vel vulputate nibh. Pellentesque habitant morbi tristique senectus et netus et malesuada fames ac turpis egestas.\r\n\r\nIn facilisis ornare arcu, sodales facilisis neque blandit ac. Ut blandit ipsum quis arcu adipiscing sit amet semper sem feugiat. Nam sed dapibus arcu. Nullam eleifend molestie lectus. Nullam nec risus purus.\r\n\r\n\r\nFusce rutrum lectus id nibh ullamcorper aliquet. Pellentesque pretium mauris et augue fringilla non bibendum turpis iaculis. Donec sit amet nunc lorem. Sed fringilla vehicula est at pellentesque. Aenean imperdiet elementum arcu id facilisis. Mauris sed leo eros.\r\n\r\nDuis nulla purus, malesuada in gravida sed, viverra at elit. Praesent nec purus sem, non imperdiet quam. Praesent tincidunt tortor eu libero scelerisque quis consequat justo elementum. Maecenas aliquet facilisis ipsum, commodo eleifend odio ultrices et. Maecenas arcu arcu, luctus a laoreet et, fermentum vel lectus. Cras consectetur ipsum venenatis ligula aliquam hendrerit. Suspendisse rhoncus hendrerit fermentum. Ut eget rhoncus purus.\r\n\r\nCras a tellus eu justo lobortis tristique et nec mauris. Etiam tincidunt tellus ut odio elementum adipiscing. Maecenas cursus dolor sit amet leo elementum ut semper velit lobortis. Pellentesque posue</p>\r\n', 'zenyk', 'Shit', '{\"mini\":\"009-175x175.jpg\",\"max\":\"009.jpg\",\"path\":\"009-320x154.jpg\"}', '2021-04-26 06:41:17', NULL, 'brand-identity', '', ''),
(46, 'Love', '<p>Fusce nec accumsan eros. Aenean ac orci a magna vestibulum posuere quis nec nisi. Maecenas rutrum vehicula condimentum. Donec volutpat nisl ac mauris consectetur gravida.\r\n\r\nLorem ipsum dolor sit amet, consectetur adipiscing elit. Donec vel vulputate nibh. Pellentesque habitant morbi tristique senectus et netus et malesuada fames ac turpis egestas.\r\n\r\nIn facilisis ornare arcu, sodales facilisis neque blandit ac. Ut blandit ipsum quis arcu adipiscing sit amet semper sem feugiat. Nam sed dapibus arcu. Nullam eleifend molestie lectus. Nullam nec risus purus.\r\n\r\n\r\nFusce rutrum lectus id nibh ullamcorper aliquet. Pellentesque pretium mauris et augue fringilla non bibendum turpis iaculis. Donec sit amet nunc lorem. Sed fringilla vehicula est at pellentesque. Aenean imperdiet elementum arcu id facilisis. Mauris sed leo eros.\r\n\r\nDuis nulla purus, malesuada in gravida sed, viverra at elit. Praesent nec purus sem, non imperdiet quam. Praesent tincidunt tortor eu libero scelerisque quis consequat justo elementum. Maecenas aliquet facilisis ipsum, commodo eleifend odio ultrices et. Maecenas arcu arcu, luctus a laoreet et, fermentum vel lectus. Cras consectetur ipsum venenatis ligula aliquam hendrerit. Suspendisse rhoncus hendrerit fermentum. Ut eget rhoncus purus.\r\n\r\nCras a tellus eu justo lobortis tristique et nec mauris. Etiam tincidunt tellus ut odio elementum adipiscing. Maecenas cursus dolor sit amet leo elementum ut semper velit lobortis. Pellentesque posue</p>\r\n', 'customer 1', 'project 001', '{\"mini\":\"009-175x175.jpg\",\"max\":\"009.jpg\",\"path\":\"009-320x154.jpg\"}', '2021-04-07 10:35:03', NULL, 'brand-identity', '', ''),
(47, 'Kineda', '<p>Fusce nec accumsan eros. Aenean ac orci a magna vestibulum posuere quis nec nisi. Maecenas rutrum vehicula condimentum. Donec volutpat nisl ac mauris consectetur gravida.\r\n\r\nLorem ipsum dolor sit amet, consectetur adipiscing elit. Donec vel vulputate nibh. Pellentesque habitant morbi tristique senectus et netus et malesuada fames ac turpis egestas.\r\n\r\nIn facilisis ornare arcu, sodales facilisis neque blandit ac. Ut blandit ipsum quis arcu adipiscing sit amet semper sem feugiat. Nam sed dapibus arcu. Nullam eleifend molestie lectus. Nullam nec risus purus.\r\n\r\n\r\nFusce rutrum lectus id nibh ullamcorper aliquet. Pellentesque pretium mauris et augue fringilla non bibendum turpis iaculis. Donec sit amet nunc lorem. Sed fringilla vehicula est at pellentesque. Aenean imperdiet elementum arcu id facilisis. Mauris sed leo eros.\r\n\r\nDuis nulla purus, malesuada in gravida sed, viverra at elit. Praesent nec purus sem, non imperdiet quam. Praesent tincidunt tortor eu libero scelerisque quis consequat justo elementum. Maecenas aliquet facilisis ipsum, commodo eleifend odio ultrices et. Maecenas arcu arcu, luctus a laoreet et, fermentum vel lectus. Cras consectetur ipsum venenatis ligula aliquam hendrerit. Suspendisse rhoncus hendrerit fermentum. Ut eget rhoncus purus.\r\n\r\nCras a tellus eu justo lobortis tristique et nec mauris. Etiam tincidunt tellus ut odio elementum adipiscing. Maecenas cursus dolor sit amet leo elementum ut semper velit lobortis. Pellentesque posue</p>\r\n', 'misko', 'zalupa00', '{\"mini\":\"009-175x175.jpg\",\"max\":\"009.jpg\",\"path\":\"009-320x154.jpg\"}', '2021-04-07 10:19:03', NULL, 'brand-identity', '', ''),
(48, 'Steep This!', '<p>Fusce nec accumsan eros. Aenean ac orci a magna vestibulum posuere quis nec nisi. Maecenas rutrum vehicula condimentum. Donec volutpat nisl ac mauris consectetur gravida.\r\n\r\nLorem ipsum dolor sit amet, consectetur adipiscing elit. Donec vel vulputate nibh. Pellentesque habitant morbi tristique senectus et netus et malesuada fames ac turpis egestas.\r\n\r\nIn facilisis ornare arcu, sodales facilisis neque blandit ac. Ut blandit ipsum quis arcu adipiscing sit amet semper sem feugiat. Nam sed dapibus arcu. Nullam eleifend molestie lectus. Nullam nec risus purus.\r\n\r\n\r\nFusce rutrum lectus id nibh ullamcorper aliquet. Pellentesque pretium mauris et augue fringilla non bibendum turpis iaculis. Donec sit amet nunc lorem. Sed fringilla vehicula est at pellentesque. Aenean imperdiet elementum arcu id facilisis. Mauris sed leo eros.\r\n\r\nDuis nulla purus, malesuada in gravida sed, viverra at elit. Praesent nec purus sem, non imperdiet quam. Praesent tincidunt tortor eu libero scelerisque quis consequat justo elementum. Maecenas aliquet facilisis ipsum, commodo eleifend odio ultrices et. Maecenas arcu arcu, luctus a laoreet et, fermentum vel lectus. Cras consectetur ipsum venenatis ligula aliquam hendrerit. Suspendisse rhoncus hendrerit fermentum. Ut eget rhoncus purus.\r\n\r\nCras a tellus eu justo lobortis tristique et nec mauris. Etiam tincidunt tellus ut odio elementum adipiscing. Maecenas cursus dolor sit amet leo elementum ut semper velit lobortis. Pellentesque posue</p>\r\n', 'zenyk', 'Shit0', '{\"mini\":\"009-175x175.jpg\",\"max\":\"009.jpg\",\"path\":\"009-320x154.jpg\"}', '2021-04-26 03:41:17', NULL, 'brand-identity', '', ''),
(49, 'Love', '<p>Fusce nec accumsan eros. Aenean ac orci a magna vestibulum posuere quis nec nisi. Maecenas rutrum vehicula condimentum. Donec volutpat nisl ac mauris consectetur gravida.\r\n\r\nLorem ipsum dolor sit amet, consectetur adipiscing elit. Donec vel vulputate nibh. Pellentesque habitant morbi tristique senectus et netus et malesuada fames ac turpis egestas.\r\n\r\nIn facilisis ornare arcu, sodales facilisis neque blandit ac. Ut blandit ipsum quis arcu adipiscing sit amet semper sem feugiat. Nam sed dapibus arcu. Nullam eleifend molestie lectus. Nullam nec risus purus.\r\n\r\n\r\nFusce rutrum lectus id nibh ullamcorper aliquet. Pellentesque pretium mauris et augue fringilla non bibendum turpis iaculis. Donec sit amet nunc lorem. Sed fringilla vehicula est at pellentesque. Aenean imperdiet elementum arcu id facilisis. Mauris sed leo eros.\r\n\r\nDuis nulla purus, malesuada in gravida sed, viverra at elit. Praesent nec purus sem, non imperdiet quam. Praesent tincidunt tortor eu libero scelerisque quis consequat justo elementum. Maecenas aliquet facilisis ipsum, commodo eleifend odio ultrices et. Maecenas arcu arcu, luctus a laoreet et, fermentum vel lectus. Cras consectetur ipsum venenatis ligula aliquam hendrerit. Suspendisse rhoncus hendrerit fermentum. Ut eget rhoncus purus.\r\n\r\nCras a tellus eu justo lobortis tristique et nec mauris. Etiam tincidunt tellus ut odio elementum adipiscing. Maecenas cursus dolor sit amet leo elementum ut semper velit lobortis. Pellentesque posue</p>\r\n', 'customer 1', 'project 11', '{\"mini\":\"009-175x175.jpg\",\"max\":\"009.jpg\",\"path\":\"009-320x154.jpg\"}', '2021-04-07 10:35:03', NULL, 'brand-identity', '', ''),
(50, 'Kineda', '<p>Fusce nec accumsan eros. Aenean ac orci a magna vestibulum posuere quis nec nisi. Maecenas rutrum vehicula condimentum. Donec volutpat nisl ac mauris consectetur gravida.\r\n\r\nLorem ipsum dolor sit amet, consectetur adipiscing elit. Donec vel vulputate nibh. Pellentesque habitant morbi tristique senectus et netus et malesuada fames ac turpis egestas.\r\n\r\nIn facilisis ornare arcu, sodales facilisis neque blandit ac. Ut blandit ipsum quis arcu adipiscing sit amet semper sem feugiat. Nam sed dapibus arcu. Nullam eleifend molestie lectus. Nullam nec risus purus.\r\n\r\n\r\nFusce rutrum lectus id nibh ullamcorper aliquet. Pellentesque pretium mauris et augue fringilla non bibendum turpis iaculis. Donec sit amet nunc lorem. Sed fringilla vehicula est at pellentesque. Aenean imperdiet elementum arcu id facilisis. Mauris sed leo eros.\r\n\r\nDuis nulla purus, malesuada in gravida sed, viverra at elit. Praesent nec purus sem, non imperdiet quam. Praesent tincidunt tortor eu libero scelerisque quis consequat justo elementum. Maecenas aliquet facilisis ipsum, commodo eleifend odio ultrices et. Maecenas arcu arcu, luctus a laoreet et, fermentum vel lectus. Cras consectetur ipsum venenatis ligula aliquam hendrerit. Suspendisse rhoncus hendrerit fermentum. Ut eget rhoncus purus.\r\n\r\nCras a tellus eu justo lobortis tristique et nec mauris. Etiam tincidunt tellus ut odio elementum adipiscing. Maecenas cursus dolor sit amet leo elementum ut semper velit lobortis. Pellentesque posue</p>\r\n', 'misko', 'zalupa1', '{\"mini\":\"009-175x175.jpg\",\"max\":\"009.jpg\",\"path\":\"009-320x154.jpg\"}', '2021-04-07 10:19:03', NULL, 'brand-identity', '', ''),
(51, 'Steep This!', '<p>Fusce nec accumsan eros. Aenean ac orci a magna vestibulum posuere quis nec nisi. Maecenas rutrum vehicula condimentum. Donec volutpat nisl ac mauris consectetur gravida.\r\n\r\nLorem ipsum dolor sit amet, consectetur adipiscing elit. Donec vel vulputate nibh. Pellentesque habitant morbi tristique senectus et netus et malesuada fames ac turpis egestas.\r\n\r\nIn facilisis ornare arcu, sodales facilisis neque blandit ac. Ut blandit ipsum quis arcu adipiscing sit amet semper sem feugiat. Nam sed dapibus arcu. Nullam eleifend molestie lectus. Nullam nec risus purus.\r\n\r\n\r\nFusce rutrum lectus id nibh ullamcorper aliquet. Pellentesque pretium mauris et augue fringilla non bibendum turpis iaculis. Donec sit amet nunc lorem. Sed fringilla vehicula est at pellentesque. Aenean imperdiet elementum arcu id facilisis. Mauris sed leo eros.\r\n\r\nDuis nulla purus, malesuada in gravida sed, viverra at elit. Praesent nec purus sem, non imperdiet quam. Praesent tincidunt tortor eu libero scelerisque quis consequat justo elementum. Maecenas aliquet facilisis ipsum, commodo eleifend odio ultrices et. Maecenas arcu arcu, luctus a laoreet et, fermentum vel lectus. Cras consectetur ipsum venenatis ligula aliquam hendrerit. Suspendisse rhoncus hendrerit fermentum. Ut eget rhoncus purus.\r\n\r\nCras a tellus eu justo lobortis tristique et nec mauris. Etiam tincidunt tellus ut odio elementum adipiscing. Maecenas cursus dolor sit amet leo elementum ut semper velit lobortis. Pellentesque posue</p>\r\n', 'zenyk', 'Shit1', '{\"mini\":\"009-175x175.jpg\",\"max\":\"009.jpg\",\"path\":\"009-320x154.jpg\"}', '2021-04-26 03:41:17', NULL, 'brand-identity', '', ''),
(52, 'Love', '<p>Fusce nec accumsan eros. Aenean ac orci a magna vestibulum posuere quis nec nisi. Maecenas rutrum vehicula condimentum. Donec volutpat nisl ac mauris consectetur gravida.\r\n\r\nLorem ipsum dolor sit amet, consectetur adipiscing elit. Donec vel vulputate nibh. Pellentesque habitant morbi tristique senectus et netus et malesuada fames ac turpis egestas.\r\n\r\nIn facilisis ornare arcu, sodales facilisis neque blandit ac. Ut blandit ipsum quis arcu adipiscing sit amet semper sem feugiat. Nam sed dapibus arcu. Nullam eleifend molestie lectus. Nullam nec risus purus.\r\n\r\n\r\nFusce rutrum lectus id nibh ullamcorper aliquet. Pellentesque pretium mauris et augue fringilla non bibendum turpis iaculis. Donec sit amet nunc lorem. Sed fringilla vehicula est at pellentesque. Aenean imperdiet elementum arcu id facilisis. Mauris sed leo eros.\r\n\r\nDuis nulla purus, malesuada in gravida sed, viverra at elit. Praesent nec purus sem, non imperdiet quam. Praesent tincidunt tortor eu libero scelerisque quis consequat justo elementum. Maecenas aliquet facilisis ipsum, commodo eleifend odio ultrices et. Maecenas arcu arcu, luctus a laoreet et, fermentum vel lectus. Cras consectetur ipsum venenatis ligula aliquam hendrerit. Suspendisse rhoncus hendrerit fermentum. Ut eget rhoncus purus.\r\n\r\nCras a tellus eu justo lobortis tristique et nec mauris. Etiam tincidunt tellus ut odio elementum adipiscing. Maecenas cursus dolor sit amet leo elementum ut semper velit lobortis. Pellentesque posue</p>\r\n', 'customer 1', 'project 21', '{\"mini\":\"009-175x175.jpg\",\"max\":\"009.jpg\",\"path\":\"009-320x154.jpg\"}', '2021-04-07 10:35:03', NULL, 'brand-identity', '', ''),
(53, 'Kineda', '<p>Fusce nec accumsan eros. Aenean ac orci a magna vestibulum posuere quis nec nisi. Maecenas rutrum vehicula condimentum. Donec volutpat nisl ac mauris consectetur gravida.\r\n\r\nLorem ipsum dolor sit amet, consectetur adipiscing elit. Donec vel vulputate nibh. Pellentesque habitant morbi tristique senectus et netus et malesuada fames ac turpis egestas.\r\n\r\nIn facilisis ornare arcu, sodales facilisis neque blandit ac. Ut blandit ipsum quis arcu adipiscing sit amet semper sem feugiat. Nam sed dapibus arcu. Nullam eleifend molestie lectus. Nullam nec risus purus.\r\n\r\n\r\nFusce rutrum lectus id nibh ullamcorper aliquet. Pellentesque pretium mauris et augue fringilla non bibendum turpis iaculis. Donec sit amet nunc lorem. Sed fringilla vehicula est at pellentesque. Aenean imperdiet elementum arcu id facilisis. Mauris sed leo eros.\r\n\r\nDuis nulla purus, malesuada in gravida sed, viverra at elit. Praesent nec purus sem, non imperdiet quam. Praesent tincidunt tortor eu libero scelerisque quis consequat justo elementum. Maecenas aliquet facilisis ipsum, commodo eleifend odio ultrices et. Maecenas arcu arcu, luctus a laoreet et, fermentum vel lectus. Cras consectetur ipsum venenatis ligula aliquam hendrerit. Suspendisse rhoncus hendrerit fermentum. Ut eget rhoncus purus.\r\n\r\nCras a tellus eu justo lobortis tristique et nec mauris. Etiam tincidunt tellus ut odio elementum adipiscing. Maecenas cursus dolor sit amet leo elementum ut semper velit lobortis. Pellentesque posue</p>\r\n', 'misko', 'zalupa2', '{\"mini\":\"009-175x175.jpg\",\"max\":\"009.jpg\",\"path\":\"009-320x154.jpg\"}', '2021-04-07 10:19:03', NULL, 'brand-identity', '', ''),
(54, 'Steep This!', '<p>Fusce nec accumsan eros. Aenean ac orci a magna vestibulum posuere quis nec nisi. Maecenas rutrum vehicula condimentum. Donec volutpat nisl ac mauris consectetur gravida.\r\n\r\nLorem ipsum dolor sit amet, consectetur adipiscing elit. Donec vel vulputate nibh. Pellentesque habitant morbi tristique senectus et netus et malesuada fames ac turpis egestas.\r\n\r\nIn facilisis ornare arcu, sodales facilisis neque blandit ac. Ut blandit ipsum quis arcu adipiscing sit amet semper sem feugiat. Nam sed dapibus arcu. Nullam eleifend molestie lectus. Nullam nec risus purus.\r\n\r\n\r\nFusce rutrum lectus id nibh ullamcorper aliquet. Pellentesque pretium mauris et augue fringilla non bibendum turpis iaculis. Donec sit amet nunc lorem. Sed fringilla vehicula est at pellentesque. Aenean imperdiet elementum arcu id facilisis. Mauris sed leo eros.\r\n\r\nDuis nulla purus, malesuada in gravida sed, viverra at elit. Praesent nec purus sem, non imperdiet quam. Praesent tincidunt tortor eu libero scelerisque quis consequat justo elementum. Maecenas aliquet facilisis ipsum, commodo eleifend odio ultrices et. Maecenas arcu arcu, luctus a laoreet et, fermentum vel lectus. Cras consectetur ipsum venenatis ligula aliquam hendrerit. Suspendisse rhoncus hendrerit fermentum. Ut eget rhoncus purus.\r\n\r\nCras a tellus eu justo lobortis tristique et nec mauris. Etiam tincidunt tellus ut odio elementum adipiscing. Maecenas cursus dolor sit amet leo elementum ut semper velit lobortis. Pellentesque posue</p>\r\n', 'zenyk', 'Shit2', '{\"mini\":\"009-175x175.jpg\",\"max\":\"009.jpg\",\"path\":\"009-320x154.jpg\"}', '2021-04-26 03:41:17', NULL, 'brand-identity', '', ''),
(55, 'Love', '<p>Fusce nec accumsan eros. Aenean ac orci a magna vestibulum posuere quis nec nisi. Maecenas rutrum vehicula condimentum. Donec volutpat nisl ac mauris consectetur gravida.\r\n\r\nLorem ipsum dolor sit amet, consectetur adipiscing elit. Donec vel vulputate nibh. Pellentesque habitant morbi tristique senectus et netus et malesuada fames ac turpis egestas.\r\n\r\nIn facilisis ornare arcu, sodales facilisis neque blandit ac. Ut blandit ipsum quis arcu adipiscing sit amet semper sem feugiat. Nam sed dapibus arcu. Nullam eleifend molestie lectus. Nullam nec risus purus.\r\n\r\n\r\nFusce rutrum lectus id nibh ullamcorper aliquet. Pellentesque pretium mauris et augue fringilla non bibendum turpis iaculis. Donec sit amet nunc lorem. Sed fringilla vehicula est at pellentesque. Aenean imperdiet elementum arcu id facilisis. Mauris sed leo eros.\r\n\r\nDuis nulla purus, malesuada in gravida sed, viverra at elit. Praesent nec purus sem, non imperdiet quam. Praesent tincidunt tortor eu libero scelerisque quis consequat justo elementum. Maecenas aliquet facilisis ipsum, commodo eleifend odio ultrices et. Maecenas arcu arcu, luctus a laoreet et, fermentum vel lectus. Cras consectetur ipsum venenatis ligula aliquam hendrerit. Suspendisse rhoncus hendrerit fermentum. Ut eget rhoncus purus.\r\n\r\nCras a tellus eu justo lobortis tristique et nec mauris. Etiam tincidunt tellus ut odio elementum adipiscing. Maecenas cursus dolor sit amet leo elementum ut semper velit lobortis. Pellentesque posue</p>\r\n', 'customer 1', 'project 31', '{\"mini\":\"009-175x175.jpg\",\"max\":\"009.jpg\",\"path\":\"009-320x154.jpg\"}', '2021-04-07 10:35:03', NULL, 'brand-identity', '', ''),
(56, 'Kineda', '<p>Fusce nec accumsan eros. Aenean ac orci a magna vestibulum posuere quis nec nisi. Maecenas rutrum vehicula condimentum. Donec volutpat nisl ac mauris consectetur gravida.\r\n\r\nLorem ipsum dolor sit amet, consectetur adipiscing elit. Donec vel vulputate nibh. Pellentesque habitant morbi tristique senectus et netus et malesuada fames ac turpis egestas.\r\n\r\nIn facilisis ornare arcu, sodales facilisis neque blandit ac. Ut blandit ipsum quis arcu adipiscing sit amet semper sem feugiat. Nam sed dapibus arcu. Nullam eleifend molestie lectus. Nullam nec risus purus.\r\n\r\n\r\nFusce rutrum lectus id nibh ullamcorper aliquet. Pellentesque pretium mauris et augue fringilla non bibendum turpis iaculis. Donec sit amet nunc lorem. Sed fringilla vehicula est at pellentesque. Aenean imperdiet elementum arcu id facilisis. Mauris sed leo eros.\r\n\r\nDuis nulla purus, malesuada in gravida sed, viverra at elit. Praesent nec purus sem, non imperdiet quam. Praesent tincidunt tortor eu libero scelerisque quis consequat justo elementum. Maecenas aliquet facilisis ipsum, commodo eleifend odio ultrices et. Maecenas arcu arcu, luctus a laoreet et, fermentum vel lectus. Cras consectetur ipsum venenatis ligula aliquam hendrerit. Suspendisse rhoncus hendrerit fermentum. Ut eget rhoncus purus.\r\n\r\nCras a tellus eu justo lobortis tristique et nec mauris. Etiam tincidunt tellus ut odio elementum adipiscing. Maecenas cursus dolor sit amet leo elementum ut semper velit lobortis. Pellentesque posue</p>\r\n', 'misko', 'zalupa3', '{\"mini\":\"009-175x175.jpg\",\"max\":\"009.jpg\",\"path\":\"009-320x154.jpg\"}', '2021-04-07 10:19:03', NULL, 'brand-identity', '', ''),
(57, 'Steep This!', '<p>Fusce nec accumsan eros. Aenean ac orci a magna vestibulum posuere quis nec nisi. Maecenas rutrum vehicula condimentum. Donec volutpat nisl ac mauris consectetur gravida.\r\n\r\nLorem ipsum dolor sit amet, consectetur adipiscing elit. Donec vel vulputate nibh. Pellentesque habitant morbi tristique senectus et netus et malesuada fames ac turpis egestas.\r\n\r\nIn facilisis ornare arcu, sodales facilisis neque blandit ac. Ut blandit ipsum quis arcu adipiscing sit amet semper sem feugiat. Nam sed dapibus arcu. Nullam eleifend molestie lectus. Nullam nec risus purus.\r\n\r\n\r\nFusce rutrum lectus id nibh ullamcorper aliquet. Pellentesque pretium mauris et augue fringilla non bibendum turpis iaculis. Donec sit amet nunc lorem. Sed fringilla vehicula est at pellentesque. Aenean imperdiet elementum arcu id facilisis. Mauris sed leo eros.\r\n\r\nDuis nulla purus, malesuada in gravida sed, viverra at elit. Praesent nec purus sem, non imperdiet quam. Praesent tincidunt tortor eu libero scelerisque quis consequat justo elementum. Maecenas aliquet facilisis ipsum, commodo eleifend odio ultrices et. Maecenas arcu arcu, luctus a laoreet et, fermentum vel lectus. Cras consectetur ipsum venenatis ligula aliquam hendrerit. Suspendisse rhoncus hendrerit fermentum. Ut eget rhoncus purus.\r\n\r\nCras a tellus eu justo lobortis tristique et nec mauris. Etiam tincidunt tellus ut odio elementum adipiscing. Maecenas cursus dolor sit amet leo elementum ut semper velit lobortis. Pellentesque posue</p>\r\n', 'zenyk', 'Shit3', '{\"mini\":\"009-175x175.jpg\",\"max\":\"009.jpg\",\"path\":\"009-320x154.jpg\"}', '2021-04-26 03:41:17', NULL, 'brand-identity', '', '');

-- --------------------------------------------------------

--
-- Структура таблиці `roles`
--

CREATE TABLE `roles` (
  `id` bigint(20) UNSIGNED NOT NULL,
  `created_at` timestamp NULL DEFAULT NULL,
  `updated_at` timestamp NULL DEFAULT NULL,
  `name` varchar(255) COLLATE utf8mb4_unicode_ci NOT NULL
) ENGINE=InnoDB DEFAULT CHARSET=utf8mb4 COLLATE=utf8mb4_unicode_ci;

--
-- Дамп даних таблиці `roles`
--

INSERT INTO `roles` (`id`, `created_at`, `updated_at`, `name`) VALUES
(1, NULL, NULL, 'Admin'),
(2, NULL, NULL, 'Moderator'),
(6, NULL, NULL, 'Guest');

-- --------------------------------------------------------

--
-- Структура таблиці `role_user`
--

CREATE TABLE `role_user` (
  `id` bigint(20) UNSIGNED NOT NULL,
  `created_at` timestamp NULL DEFAULT NULL,
  `updated_at` timestamp NULL DEFAULT NULL,
  `user_id` bigint(20) UNSIGNED NOT NULL DEFAULT 1,
  `role_id` bigint(20) UNSIGNED NOT NULL DEFAULT 1
) ENGINE=InnoDB DEFAULT CHARSET=utf8mb4 COLLATE=utf8mb4_unicode_ci;

--
-- Дамп даних таблиці `role_user`
--

INSERT INTO `role_user` (`id`, `created_at`, `updated_at`, `user_id`, `role_id`) VALUES
(1, NULL, NULL, 1, 1);

-- --------------------------------------------------------

--
-- Структура таблиці `sliders`
--

CREATE TABLE `sliders` (
  `id` bigint(20) UNSIGNED NOT NULL,
  `img` varchar(255) COLLATE utf8mb4_unicode_ci NOT NULL,
  `description` text COLLATE utf8mb4_unicode_ci NOT NULL,
  `title` varchar(255) COLLATE utf8mb4_unicode_ci NOT NULL,
  `created_at` timestamp NULL DEFAULT NULL,
  `updated_at` timestamp NULL DEFAULT NULL
) ENGINE=InnoDB DEFAULT CHARSET=utf8mb4 COLLATE=utf8mb4_unicode_ci;

--
-- Дамп даних таблиці `sliders`
--

INSERT INTO `sliders` (`id`, `img`, `description`, `title`, `created_at`, `updated_at`) VALUES
(1, 'xx.jpg', '<p>Nam id quam a odio euismod pellentesque. Etiam congue rutrum risus non vestibulum. Quisque a diam at ligula blandit consequat. Mauris ac mi velit, a tempor neque</p>', '<h2 style=\"color:#fff\">CORPORATE, MULTIPURPOSE.. <br /><span>PINK RIO</span></h2>', '2021-04-07 13:52:30', NULL),
(2, '00314.jpg', '<p>Nam id quam a odio euismod pellentesque. Etiam congue rutrum risus non vestibulum. Quisque a diam at ligula blandit consequat. Mauris ac mi velit, a tempor neque</p>\r\n', '<h2 style=\"color:#fff\">CORPORATE, MULTIPURPOSE.. <br /><span>PINK RIO</span></h2>', '2021-04-02 01:40:36', NULL),
(3, 'dd.jpg', '<p>Nam id quam a odio euismod pellentesque. Etiam congue rutrum risus non vestibulum. Quisque a diam at ligula blandit consequat. Mauris ac mi velit, a tempor neque</p>', '<h2 style=\"color:#fff\">CORPORATE, MULTIPURPOSE.. <br /><span>PINK RIO</span></h2>', '2021-04-07 13:56:17', NULL);

-- --------------------------------------------------------

--
-- Структура таблиці `users`
--

CREATE TABLE `users` (
  `id` bigint(20) UNSIGNED NOT NULL,
  `name` varchar(255) COLLATE utf8mb4_unicode_ci NOT NULL,
  `email` varchar(255) COLLATE utf8mb4_unicode_ci NOT NULL,
  `email_verified_at` timestamp NULL DEFAULT NULL,
  `password` varchar(255) COLLATE utf8mb4_unicode_ci NOT NULL,
  `remember_token` varchar(100) COLLATE utf8mb4_unicode_ci DEFAULT NULL,
  `created_at` timestamp NULL DEFAULT NULL,
  `updated_at` timestamp NULL DEFAULT NULL
) ENGINE=InnoDB DEFAULT CHARSET=utf8mb4 COLLATE=utf8mb4_unicode_ci;

--
-- Дамп даних таблиці `users`
--

INSERT INTO `users` (`id`, `name`, `email`, `email_verified_at`, `password`, `remember_token`, `created_at`, `updated_at`) VALUES
(1, 'admin', 'admin@mail.local', NULL, '$2y$10$dn1QbynXOIi02I.HRdW2G.1.B9bDXhiOiBRJ/5.aOsYObjCcrabn6', NULL, '2021-04-07 03:34:24', '2021-04-07 03:34:24');

--
-- Індекси збережених таблиць
--

--
-- Індекси таблиці `articles`
--
ALTER TABLE `articles`
  ADD PRIMARY KEY (`id`),
  ADD UNIQUE KEY `articles_alias_unique` (`alias`),
  ADD KEY `articles_user_id_foreign` (`user_id`),
  ADD KEY `articles_category_id_foreign` (`category_id`);

--
-- Індекси таблиці `categories`
--
ALTER TABLE `categories`
  ADD PRIMARY KEY (`id`),
  ADD UNIQUE KEY `categories_alias_unique` (`alias`);

--
-- Індекси таблиці `comments`
--
ALTER TABLE `comments`
  ADD PRIMARY KEY (`id`),
  ADD KEY `comments_article_id_foreign` (`article_id`),
  ADD KEY `comments_user_id_foreign` (`user_id`);

--
-- Індекси таблиці `failed_jobs`
--
ALTER TABLE `failed_jobs`
  ADD PRIMARY KEY (`id`),
  ADD UNIQUE KEY `failed_jobs_uuid_unique` (`uuid`);

--
-- Індекси таблиці `filters`
--
ALTER TABLE `filters`
  ADD PRIMARY KEY (`id`),
  ADD UNIQUE KEY `filters_alias_unique` (`alias`);

--
-- Індекси таблиці `menus`
--
ALTER TABLE `menus`
  ADD PRIMARY KEY (`id`);

--
-- Індекси таблиці `migrations`
--
ALTER TABLE `migrations`
  ADD PRIMARY KEY (`id`);

--
-- Індекси таблиці `password_resets`
--
ALTER TABLE `password_resets`
  ADD KEY `password_resets_email_index` (`email`);

--
-- Індекси таблиці `permission`
--
ALTER TABLE `permission`
  ADD PRIMARY KEY (`id`);

--
-- Індекси таблиці `permission_role`
--
ALTER TABLE `permission_role`
  ADD PRIMARY KEY (`id`),
  ADD KEY `permission_role_role_id_foreign` (`role_id`),
  ADD KEY `permission_role_permission_id_foreign` (`permission_id`);

--
-- Індекси таблиці `portfolios`
--
ALTER TABLE `portfolios`
  ADD PRIMARY KEY (`id`),
  ADD UNIQUE KEY `portfolios_alias_unique` (`alias`),
  ADD KEY `portfolios_filter_alias_foreign` (`filter_alias`);

--
-- Індекси таблиці `roles`
--
ALTER TABLE `roles`
  ADD PRIMARY KEY (`id`);

--
-- Індекси таблиці `role_user`
--
ALTER TABLE `role_user`
  ADD PRIMARY KEY (`id`),
  ADD KEY `role_user_user_id_foreign` (`user_id`),
  ADD KEY `role_user_role_id_foreign` (`role_id`);

--
-- Індекси таблиці `sliders`
--
ALTER TABLE `sliders`
  ADD PRIMARY KEY (`id`);

--
-- Індекси таблиці `users`
--
ALTER TABLE `users`
  ADD PRIMARY KEY (`id`),
  ADD UNIQUE KEY `users_email_unique` (`email`);

--
-- AUTO_INCREMENT для збережених таблиць
--

--
-- AUTO_INCREMENT для таблиці `articles`
--
ALTER TABLE `articles`
  MODIFY `id` bigint(20) UNSIGNED NOT NULL AUTO_INCREMENT, AUTO_INCREMENT=10;

--
-- AUTO_INCREMENT для таблиці `categories`
--
ALTER TABLE `categories`
  MODIFY `id` bigint(20) UNSIGNED NOT NULL AUTO_INCREMENT, AUTO_INCREMENT=5;

--
-- AUTO_INCREMENT для таблиці `comments`
--
ALTER TABLE `comments`
  MODIFY `id` bigint(20) UNSIGNED NOT NULL AUTO_INCREMENT, AUTO_INCREMENT=83;

--
-- AUTO_INCREMENT для таблиці `failed_jobs`
--
ALTER TABLE `failed_jobs`
  MODIFY `id` bigint(20) UNSIGNED NOT NULL AUTO_INCREMENT;

--
-- AUTO_INCREMENT для таблиці `filters`
--
ALTER TABLE `filters`
  MODIFY `id` bigint(20) UNSIGNED NOT NULL AUTO_INCREMENT, AUTO_INCREMENT=2;

--
-- AUTO_INCREMENT для таблиці `menus`
--
ALTER TABLE `menus`
  MODIFY `id` bigint(20) UNSIGNED NOT NULL AUTO_INCREMENT, AUTO_INCREMENT=8;

--
-- AUTO_INCREMENT для таблиці `migrations`
--
ALTER TABLE `migrations`
  MODIFY `id` int(10) UNSIGNED NOT NULL AUTO_INCREMENT, AUTO_INCREMENT=30;

--
-- AUTO_INCREMENT для таблиці `permission`
--
ALTER TABLE `permission`
  MODIFY `id` bigint(20) UNSIGNED NOT NULL AUTO_INCREMENT, AUTO_INCREMENT=8;

--
-- AUTO_INCREMENT для таблиці `permission_role`
--
ALTER TABLE `permission_role`
  MODIFY `id` bigint(20) UNSIGNED NOT NULL AUTO_INCREMENT, AUTO_INCREMENT=8;

--
-- AUTO_INCREMENT для таблиці `portfolios`
--
ALTER TABLE `portfolios`
  MODIFY `id` bigint(20) UNSIGNED NOT NULL AUTO_INCREMENT, AUTO_INCREMENT=58;

--
-- AUTO_INCREMENT для таблиці `roles`
--
ALTER TABLE `roles`
  MODIFY `id` bigint(20) UNSIGNED NOT NULL AUTO_INCREMENT, AUTO_INCREMENT=7;

--
-- AUTO_INCREMENT для таблиці `role_user`
--
ALTER TABLE `role_user`
  MODIFY `id` bigint(20) UNSIGNED NOT NULL AUTO_INCREMENT, AUTO_INCREMENT=2;

--
-- AUTO_INCREMENT для таблиці `sliders`
--
ALTER TABLE `sliders`
  MODIFY `id` bigint(20) UNSIGNED NOT NULL AUTO_INCREMENT, AUTO_INCREMENT=4;

--
-- AUTO_INCREMENT для таблиці `users`
--
ALTER TABLE `users`
  MODIFY `id` bigint(20) UNSIGNED NOT NULL AUTO_INCREMENT, AUTO_INCREMENT=2;

--
-- Обмеження зовнішнього ключа збережених таблиць
--

--
-- Обмеження зовнішнього ключа таблиці `articles`
--
ALTER TABLE `articles`
  ADD CONSTRAINT `articles_category_id_foreign` FOREIGN KEY (`category_id`) REFERENCES `categories` (`id`),
  ADD CONSTRAINT `articles_user_id_foreign` FOREIGN KEY (`user_id`) REFERENCES `users` (`id`);

--
-- Обмеження зовнішнього ключа таблиці `comments`
--
ALTER TABLE `comments`
  ADD CONSTRAINT `comments_article_id_foreign` FOREIGN KEY (`article_id`) REFERENCES `articles` (`id`),
  ADD CONSTRAINT `comments_user_id_foreign` FOREIGN KEY (`user_id`) REFERENCES `users` (`id`);

--
-- Обмеження зовнішнього ключа таблиці `permission_role`
--
ALTER TABLE `permission_role`
  ADD CONSTRAINT `permission_role_permission_id_foreign` FOREIGN KEY (`permission_id`) REFERENCES `permission` (`id`),
  ADD CONSTRAINT `permission_role_role_id_foreign` FOREIGN KEY (`role_id`) REFERENCES `roles` (`id`);

--
-- Обмеження зовнішнього ключа таблиці `portfolios`
--
ALTER TABLE `portfolios`
  ADD CONSTRAINT `portfolios_filter_alias_foreign` FOREIGN KEY (`filter_alias`) REFERENCES `filters` (`alias`);

--
-- Обмеження зовнішнього ключа таблиці `role_user`
--
ALTER TABLE `role_user`
  ADD CONSTRAINT `role_user_role_id_foreign` FOREIGN KEY (`role_id`) REFERENCES `roles` (`id`),
  ADD CONSTRAINT `role_user_user_id_foreign` FOREIGN KEY (`user_id`) REFERENCES `users` (`id`);
COMMIT;

/*!40101 SET CHARACTER_SET_CLIENT=@OLD_CHARACTER_SET_CLIENT */;
/*!40101 SET CHARACTER_SET_RESULTS=@OLD_CHARACTER_SET_RESULTS */;
/*!40101 SET COLLATION_CONNECTION=@OLD_COLLATION_CONNECTION */;
